{
  "phase1": {
    "load_method": "spark",
    "load_sec": 4.23403091612272,
    "row_count": 11937,
    "metadata_parse_sec": 2.310931415995583,
    "file_size_mb": 32.45,
    "phase1_total_sec": 6.544962332118303
  },
  "phase2": {
    "model_load_sec": 2.3741153341252357,
    "cold_encode_sec": 0.15329445782117546,
    "warm_encode_avg_sec": 0.02091521241236478,
    "warm_encode_min_sec": 0.008561666123569012,
    "warm_encode_max_sec": 0.03853920800611377,
    "batch_encoding": {
      "32": {
        "sec": 0.1603,
        "texts_per_sec": 199.6
      },
      "64": {
        "sec": 0.0435,
        "texts_per_sec": 1472.3
      },
      "128": {
        "sec": 0.0398,
        "texts_per_sec": 3219.9
      }
    },
    "phase2_total_sec": 2.527409791946411
  },
  "phase3": {
    "cache_miss": {
      "avg_total_sec": 0.09540587041992694,
      "avg_embed_sec": 0.019436878967098892,
      "avg_search_sec": 0.07596899145282805,
      "min_total_sec": 0.06705866591073573,
      "max_total_sec": 0.16883954079821706
    },
    "cache_hit": {
      "avg_total_sec": 0.18666489575989545,
      "min_total_sec": 0.13258233293890953,
      "max_total_sec": 0.2627304580528289
    },
    "full_scan_sec": 0.028810208197683096,
    "genre_filtered_sec": 0.045261292019858956,
    "cache_analytics": {
      "total_cached": 10,
      "total_hits": 10,
      "avg_hits": 1.0
    },
    "session_hit_rate_pct": 50.0,
    "phase3_total_sec": 2.820707661798224
  },
  "phase4": {
    "cache_miss": {
      "avg_total_sec": 0.21989905838854612,
      "min_total_sec": 0.1673505420330912,
      "max_total_sec": 0.26871416601352394
    },
    "cache_hit": {
      "avg_total_sec": 0.19947940837591888,
      "min_total_sec": 0.14484487497247756,
      "max_total_sec": 0.24540870892815292
    },
    "session_cache_stats": {
      "hits": 5,
      "misses": 5,
      "hit_rate": 50.0
    },
    "db_cache_analytics": {
      "total_cached": 5,
      "total_hits": 5,
      "avg_hits": 1.0,
      "max_hits": 1
    }
  },
  "summary": {
    "user_latency_cold_ms": 219.9,
    "user_latency_cached_ms": 199.5
  }
}